subreddit,count,freq_percent
RepladiesDesigner,6,4.545454545454546
LegendsZA,5,3.787878787878788
RepReHomeOnly,4,3.0303030303030303
CasualPokemonTrades,4,3.0303030303030303
DokkanBattleCommunity,4,3.0303030303030303
Flins_Mains,3,2.272727272727273
LegendsZATrading,3,2.272727272727273
bloxfruits,3,2.272727272727273
PokemonSleepBetter,2,1.5151515151515151
inazumacaravan,2,1.5151515151515151
IsekaiMemories,2,1.5151515151515151
HaikyuuFlyHigh,2,1.5151515151515151
ChaosZeroNightmare,2,1.5151515151515151
StarRailStation,2,1.5151515151515151
ShinyPokemon,2,1.5151515151515151
GenshinImpact,2,1.5151515151515151
Genshin_Impact,2,1.5151515151515151
DBZDokkanBattle,2,1.5151515151515151
TheTowerGame,2,1.5151515151515151
PrelovedKoreanBags,2,1.5151515151515151
PokemonZA,2,1.5151515151515151
PokemonLZATrades,2,1.5151515151515151
idleon,1,0.7575757575757576
WittleDefenderTheGame,1,0.7575757575757576
CoutureReps,1,0.7575757575757576
inazumaeleven,1,0.7575757575757576
1to1reps,1,0.7575757575757576
FORSAKENROBLOX,1,0.7575757575757576
Gardevoir,1,0.7575757575757576
Repladiesfam,1,0.7575757575757576
RepLadiesRehomes,1,0.7575757575757576
SpiralAbyssTeams,1,0.7575757575757576
GenshinTrades,1,0.7575757575757576
WizardryDaphne,1,0.7575757575757576
AzurLane,1,0.7575757575757576
afkarena,1,0.7575757575757576
ArlecchinoMains,1,0.7575757575757576
HonkaiStarRail,1,0.7575757575757576
TIMESINDIAauto,1,0.7575757575757576
PVCs,1,0.7575757575757576
whatsinyourcart,1,0.7575757575757576
shittyaquariums,1,0.7575757575757576
HotwheelsKolkata,1,0.7575757575757576
comics,1,0.7575757575757576
PS3,1,0.7575757575757576
LancerRPG,1,0.7575757575757576
growagarden,1,0.7575757575757576
whiteoutsurvival,1,0.7575757575757576
ProjectSekai,1,0.7575757575757576
LuxuryRepsDaily,1,0.7575757575757576
Shooteralien,1,0.7575757575757576
Weidian,1,0.7575757575757576
DHgateRepSquad,1,0.7575757575757576
RangeRover,1,0.7575757575757576
BGMI,1,0.7575757575757576
Palworld,1,0.7575757575757576
Acecraft,1,0.7575757575757576
pokemoncardcollectors,1,0.7575757575757576
TribbieMains_,1,0.7575757575757576
u_OG_monica,1,0.7575757575757576
RepsneakersDogs,1,0.7575757575757576
7kRebirth,1,0.7575757575757576
AnaxaMains_HSR,1,0.7575757575757576
speedbattles,1,0.7575757575757576
BloxFruitsTrades,1,0.7575757575757576
juicyscoopsnark,1,0.7575757575757576
PhantomParadeJK,1,0.7575757575757576
Asphalt9,1,0.7575757575757576
StarbucksTumblers,1,0.7575757575757576
BloxFruitsTradingHub,1,0.7575757575757576
FantasyFootballers,1,0.7575757575757576
wherewindsmeet_,1,0.7575757575757576
TheFirstBerserker,1,0.7575757575757576
GenshinImpactTips,1,0.7575757575757576
NIKKEGoddessofVictory,1,0.7575757575757576
u_blackleg079,1,0.7575757575757576
WWEChampions,1,0.7575757575757576
mulebuyfinds,1,0.7575757575757576
FlinsMains,1,0.7575757575757576
MapPorn,1,0.7575757575757576
u_Comfortable_Entry811,1,0.7575757575757576
TibiaMMO,1,0.7575757575757576
ClutchSportsPix,1,0.7575757575757576
u_ClutchSportsPix,1,0.7575757575757576
RepBagLoversAnonymous,1,0.7575757575757576
fuseboxgames,1,0.7575757575757576
playarkmobile,1,0.7575757575757576
RepFinds,1,0.7575757575757576
KaijuNo8_TheGame,1,0.7575757575757576
MaddenMobileLvL,1,0.7575757575757576
MLB_9Innings,1,0.7575757575757576
FUTMobile,1,0.7575757575757576
SleeperApp,1,0.7575757575757576
SteamScams,1,0.7575757575757576
PhaireneNation,1,0.7575757575757576
WhereWindsMeet,1,0.7575757575757576
PokemonEliteRedux,1,0.7575757575757576
MobileLegendsGame,1,0.7575757575757576
Furina_Mains,1,0.7575757575757576
Luxeladies,1,0.7575757575757576
7DSGrandCrossReddit,1,0.7575757575757576
LastWarMobileGame,1,0.7575757575757576
TheBattleCatsReddit,1,0.7575757575757576
WorldConqueror4,1,0.7575757575757576
WutheringWavesGuide,1,0.7575757575757576
DHgateVip,1,0.7575757575757576
u_Accomplished_Ice9276,1,0.7575757575757576
PokemonGoRaids,1,0.7575757575757576
ToramOnline,1,0.7575757575757576
