subreddit,count,freq_percent,baseline_freq_percent,uniqueness
RepladiesDesigner,6,4.545454545454546,0.0001,45454.545454545456
LegendsZA,5,3.787878787878788,0.0001,37878.78787878788
RepReHomeOnly,4,3.0303030303030303,0.0001,30303.0303030303
CasualPokemonTrades,4,3.0303030303030303,0.0001,30303.0303030303
DokkanBattleCommunity,4,3.0303030303030303,0.0001,30303.0303030303
Flins_Mains,3,2.272727272727273,0.0001,22727.272727272728
LegendsZATrading,3,2.272727272727273,0.0001,22727.272727272728
bloxfruits,3,2.272727272727273,0.0001,22727.272727272728
ShinyPokemon,2,1.5151515151515151,0.0001,15151.51515151515
PokemonLZATrades,2,1.5151515151515151,0.0001,15151.51515151515
PrelovedKoreanBags,2,1.5151515151515151,0.0001,15151.51515151515
TheTowerGame,2,1.5151515151515151,0.0001,15151.51515151515
DBZDokkanBattle,2,1.5151515151515151,0.0001,15151.51515151515
GenshinImpact,2,1.5151515151515151,0.0001,15151.51515151515
PokemonZA,2,1.5151515151515151,0.0001,15151.51515151515
StarRailStation,2,1.5151515151515151,0.0001,15151.51515151515
ChaosZeroNightmare,2,1.5151515151515151,0.0001,15151.51515151515
HaikyuuFlyHigh,2,1.5151515151515151,0.0001,15151.51515151515
IsekaiMemories,2,1.5151515151515151,0.0001,15151.51515151515
inazumacaravan,2,1.5151515151515151,0.0001,15151.51515151515
PokemonSleepBetter,2,1.5151515151515151,0.0001,15151.51515151515
WWEChampions,1,0.7575757575757576,0.0001,7575.757575757575
RepBagLoversAnonymous,1,0.7575757575757576,0.0001,7575.757575757575
u_ClutchSportsPix,1,0.7575757575757576,0.0001,7575.757575757575
ClutchSportsPix,1,0.7575757575757576,0.0001,7575.757575757575
TibiaMMO,1,0.7575757575757576,0.0001,7575.757575757575
u_Comfortable_Entry811,1,0.7575757575757576,0.0001,7575.757575757575
MapPorn,1,0.7575757575757576,0.0001,7575.757575757575
FlinsMains,1,0.7575757575757576,0.0001,7575.757575757575
mulebuyfinds,1,0.7575757575757576,0.0001,7575.757575757575
NIKKEGoddessofVictory,1,0.7575757575757576,0.0001,7575.757575757575
u_blackleg079,1,0.7575757575757576,0.0001,7575.757575757575
Asphalt9,1,0.7575757575757576,0.0001,7575.757575757575
GenshinImpactTips,1,0.7575757575757576,0.0001,7575.757575757575
TheFirstBerserker,1,0.7575757575757576,0.0001,7575.757575757575
wherewindsmeet_,1,0.7575757575757576,0.0001,7575.757575757575
FantasyFootballers,1,0.7575757575757576,0.0001,7575.757575757575
BloxFruitsTradingHub,1,0.7575757575757576,0.0001,7575.757575757575
StarbucksTumblers,1,0.7575757575757576,0.0001,7575.757575757575
playarkmobile,1,0.7575757575757576,0.0001,7575.757575757575
fuseboxgames,1,0.7575757575757576,0.0001,7575.757575757575
PokemonEliteRedux,1,0.7575757575757576,0.0001,7575.757575757575
RepFinds,1,0.7575757575757576,0.0001,7575.757575757575
KaijuNo8_TheGame,1,0.7575757575757576,0.0001,7575.757575757575
PokemonGoRaids,1,0.7575757575757576,0.0001,7575.757575757575
u_Accomplished_Ice9276,1,0.7575757575757576,0.0001,7575.757575757575
DHgateVip,1,0.7575757575757576,0.0001,7575.757575757575
WutheringWavesGuide,1,0.7575757575757576,0.0001,7575.757575757575
WorldConqueror4,1,0.7575757575757576,0.0001,7575.757575757575
TheBattleCatsReddit,1,0.7575757575757576,0.0001,7575.757575757575
LastWarMobileGame,1,0.7575757575757576,0.0001,7575.757575757575
7DSGrandCrossReddit,1,0.7575757575757576,0.0001,7575.757575757575
Luxeladies,1,0.7575757575757576,0.0001,7575.757575757575
Furina_Mains,1,0.7575757575757576,0.0001,7575.757575757575
MobileLegendsGame,1,0.7575757575757576,0.0001,7575.757575757575
juicyscoopsnark,1,0.7575757575757576,0.0001,7575.757575757575
WhereWindsMeet,1,0.7575757575757576,0.0001,7575.757575757575
PhaireneNation,1,0.7575757575757576,0.0001,7575.757575757575
SteamScams,1,0.7575757575757576,0.0001,7575.757575757575
SleeperApp,1,0.7575757575757576,0.0001,7575.757575757575
FUTMobile,1,0.7575757575757576,0.0001,7575.757575757575
MLB_9Innings,1,0.7575757575757576,0.0001,7575.757575757575
MaddenMobileLvL,1,0.7575757575757576,0.0001,7575.757575757575
PhantomParadeJK,1,0.7575757575757576,0.0001,7575.757575757575
BGMI,1,0.7575757575757576,0.0001,7575.757575757575
BloxFruitsTrades,1,0.7575757575757576,0.0001,7575.757575757575
SpiralAbyssTeams,1,0.7575757575757576,0.0001,7575.757575757575
whatsinyourcart,1,0.7575757575757576,0.0001,7575.757575757575
PVCs,1,0.7575757575757576,0.0001,7575.757575757575
TIMESINDIAauto,1,0.7575757575757576,0.0001,7575.757575757575
ArlecchinoMains,1,0.7575757575757576,0.0001,7575.757575757575
afkarena,1,0.7575757575757576,0.0001,7575.757575757575
AzurLane,1,0.7575757575757576,0.0001,7575.757575757575
WizardryDaphne,1,0.7575757575757576,0.0001,7575.757575757575
GenshinTrades,1,0.7575757575757576,0.0001,7575.757575757575
RepLadiesRehomes,1,0.7575757575757576,0.0001,7575.757575757575
HotwheelsKolkata,1,0.7575757575757576,0.0001,7575.757575757575
Repladiesfam,1,0.7575757575757576,0.0001,7575.757575757575
Gardevoir,1,0.7575757575757576,0.0001,7575.757575757575
FORSAKENROBLOX,1,0.7575757575757576,0.0001,7575.757575757575
1to1reps,1,0.7575757575757576,0.0001,7575.757575757575
inazumaeleven,1,0.7575757575757576,0.0001,7575.757575757575
CoutureReps,1,0.7575757575757576,0.0001,7575.757575757575
WittleDefenderTheGame,1,0.7575757575757576,0.0001,7575.757575757575
idleon,1,0.7575757575757576,0.0001,7575.757575757575
speedbattles,1,0.7575757575757576,0.0001,7575.757575757575
shittyaquariums,1,0.7575757575757576,0.0001,7575.757575757575
RangeRover,1,0.7575757575757576,0.0001,7575.757575757575
PS3,1,0.7575757575757576,0.0001,7575.757575757575
AnaxaMains_HSR,1,0.7575757575757576,0.0001,7575.757575757575
7kRebirth,1,0.7575757575757576,0.0001,7575.757575757575
RepsneakersDogs,1,0.7575757575757576,0.0001,7575.757575757575
u_OG_monica,1,0.7575757575757576,0.0001,7575.757575757575
TribbieMains_,1,0.7575757575757576,0.0001,7575.757575757575
pokemoncardcollectors,1,0.7575757575757576,0.0001,7575.757575757575
Acecraft,1,0.7575757575757576,0.0001,7575.757575757575
Palworld,1,0.7575757575757576,0.0001,7575.757575757575
ToramOnline,1,0.7575757575757576,0.0001,7575.757575757575
DHgateRepSquad,1,0.7575757575757576,0.0001,7575.757575757575
Weidian,1,0.7575757575757576,0.0001,7575.757575757575
Shooteralien,1,0.7575757575757576,0.0001,7575.757575757575
LuxuryRepsDaily,1,0.7575757575757576,0.0001,7575.757575757575
ProjectSekai,1,0.7575757575757576,0.0001,7575.757575757575
whiteoutsurvival,1,0.7575757575757576,0.0001,7575.757575757575
growagarden,1,0.7575757575757576,0.0001,7575.757575757575
LancerRPG,1,0.7575757575757576,0.0001,7575.757575757575
Genshin_Impact,2,1.5151515151515151,0.2,7.575757575757575
HonkaiStarRail,1,0.7575757575757576,0.2,3.7878787878787876
comics,1,0.7575757575757576,0.6,1.2626262626262628
